,Points de Ramassage ,Localisation Coordonnées GPS,n min,n max,temps d'arrivée,temps de départ,Population,Ligne,Distance(km)
0,Oued romane fleuriste,"[36.7422417, 2.9948409]",0,1,7h15,7h15,,Oued romane,0.0
1,Arrêt de bus sahraoui,"[36.7461768, 2.9978604]",6,6,7h20,7h20,,Oued romane,0.5476
2,Rond point ain allah,"[36.7507444, 2.9930777]",3,3,7h25,7h25,,Oued romane,0.7257
3,Bois des cars,"[36.7542342, 2.9808777]",2,3,7h27,7h27,S1,Oued romane,1.296
4,Intersection,"[36.7541839, 2.9728183]",1,1,7h29,7h29,,Oued romane,0.7317
5,Quds,"[36.7591638, 2.9632784]",2,3,7h31,7h31,,Oued romane,1.0580999999999998
6,Tribunal,"[36.7586221, 2.9597311]",2,2,7h33,7h33,,Oued romane,0.3345
7,Ammara,"[36.7572202, 2.9535031]",1,1,7h35,7h35,,Oued romane,0.5854
8,CFPA,"[36.7616388, 2.9524634]",1,2,7h37,7h37,S1,Oued romane,0.528
9,Cimetière garidi,"[36.7255707, 3.0714411]",2,3,7h00,7h00,"G1, S1",Lot michel,0.0
10,Rond point jolie vue,"[36.7221314, 3.0791431]",2,3,7h05,7h05,G1 ,Lot michel,1.3735
11,Lycée kateb Yacine,"[36.7243404, 3.0846262]",1,1,7h10,7h10,,Lot michel,0.7734
12,La provale 1,"[36.7207203, 3.0926597]",1,1,7h11,7h11,,Lot michel,1.3219
13,La provale 2,"[36.720075, 3.0933031]",2,2,7h12,7h12,,Lot michel,0.12840000000000001
14,Poste,"[36.720555, 3.0963914]",1,1,7h13,7h13,,Lot michel,0.2804
15,La placette,"[36.7208495, 3.0999181]",1,1,7h13,7h13,,Lot michel,0.317
16,Centre de formation setram,"[36.7234359, 3.1009706]",1,1,7h15,7h15,,Lot michel,0.35719999999999996
17,Stade,"[36.7292804, 3.0895296]",1,1,7h17,7h17,,Lot michel,1.2683
18,Ens,"[36.7297678, 3.0751597]",1,1,7h20,7h20,,Lot michel,2.1197
19,Arrêt said hamdine,"[36.7340214, 3.0365543]",2,2,7h30,7h30,,Lot michel,4.708
20,Ben aknoun,"[36.7518525, 3.0056308]",2,2,7h40,7h40,,Lot michel,4.3326
21,Hôpital mouzaia,"[36.4679517, 2.6869089]",2,2,6h00,6h00,,Blida,0.0
22,Protection civile,"[36.4617824, 2.747964]",2,2,6h10,6h10,,Blida,9.0848
23,Mosquée Tarek Ibn ziad,"[36.4455312, 2.7493149]",1,1,6h20,6h20,,Blida,1.9105
24,Rond point driouech,"[36.4636281, 2.7693325]",1,1,6h30,6h30,G1,Blida,6.6529
25,Cité driouech,"[36.4561223, 2.7762033]",2,2,6h35,6h35,,Blida,1.5734000000000001
26,Pompe à essence,"[36.472189, 2.8157612]",1,1,6h40,6h40,,Blida,4.3069
27,Poste bab errahba,"[36.467194, 2.8311678]",2,2,6h45,6h45,,Blida,2.3082
28,Hôpital,"[36.4852163, 2.8328419]",1,1,6h50,6h50,,Blida,2.8165
29,Boulevard 20 mètres,"[36.4784343, 2.8191287]",1,1,6h55,6h55,,Blida,1.4904000000000002
30,Rond point sidi Abdelkader,"[36.4814984, 2.8099599]",2,2,6h57,6h57,,Blida,1.0887
31,Descente du pont,"[36.4889518, 2.8228074]",2,2,7h00,7h00,G1,Blida,2.6586999999999996
32,Stade tchaker,"[36.4880793, 2.8495242]",1,1,7h05,7h05,,Blida,2.5494
33,Ouled yaich poste,"[36.4934336, 2.8580174]",3,3,7h10,7h10,,Blida,1.0419
34,Ben fares,"[36.4960847, 2.8507382]",1,1,7h15,7h15,,Blida,1.0533
35,Rond point beni merad,"[36.5234075, 2.8620967]",3,3,7h20,7h20,,Blida,5.175
36,Gourouaou,"[36.5121094, 2.8175258]",1,1,7h25,7h25,,Blida,5.7293
37,Cem youssef,"[36.5681317, 3.1698688]",1,1,6h15,6h15,,Larbaa,0.0
38,N8,"[36.5586548, 3.1593338]",1,1,6h20,6h20,,Larbaa,2.8009
39,5 juillet,"[36.5526403, 3.1558935]",2,2,6h25,6h25,,Larbaa,1.0478
40,Bendali,"[36.575691, 3.1373014]",1,1,6h35,6h35,,Larbaa,4.1885
41,Sidi moussa,"[36.6043625, 3.0894693]",2,2,6h40,6h40,,Larbaa,5.3298000000000005
42,Dhimat,"[36.6197308, 3.1074364]",1,1,6h50,6h50,,Larbaa,2.4548
43,Ben talha,"[36.6505897, 3.0860082]",2,2,7h00,7h00,G2,Larbaa,7.4828
44,Baraki,"[36.6637518, 3.0933605]",2,2,7h05,7h05,G2,Larbaa,2.3963
45,Baraki daira,"[36.6680981, 3.0957295]",2,2,7h06,7h06,,Larbaa,0.64
46,forsan,"[36.674718, 3.0908124]",4,4,7h10,7h10,M1,Larbaa,1.1276
47,baba ali station de bus,"[36.6722163, 3.0493961]",3,3,7h15,7h15,,Larbaa,4.3595
48,Haouch lgazouz,"[36.6589629, 3.0081262]",2,2,7h25,7h25,,Larbaa,5.2827
49,Golf  k luxe ptt,"[36.7438626759495, 3.0507917678712304]",2,2,7h05,7h05,,Salembier,0.0
50,Rond point presidence,"[36.7471711, 3.0508327]",1,3,7h08,7h08,,Salembier,0.36710000000000004
51,Agence Nationale des Activités Minières,"[36.7476872, 3.0542425]",1,1,7h11,7h11,,Salembier,0.36860000000000004
52,Saada clinique,"[36.7442992, 3.0598855]",1,1,7h16,7h16,,Salembier,1.1992
53,Serir rond point,"[36.742044, 3.0651812]",0,3,7h23,7h23,,Salembier,0.8447
54,Comfort,"[36.7465309, 3.0643521]",1,2,7h28,7h28,V1,Salembier,0.5712
55,Fleuriste Soumaa,"[36.5208888, 2.9155518]",1,1,6h30,6h30,,Soumaa,0.0
56,Chabi,"[36.5341262, 2.9151126]",1,1,6h35,6h35,,Soumaa,1.4774
57,"Masjid Ali ben Abi talib
","[36.577026, 2.9066489]",2,2,6h50,6h50,,Soumaa,5.4224
58,Pharmacie Boufarik,"[36.5789828, 2.9067029]",1,1,6h50,6h50,,Soumaa,0.2176
59,"Bâtiments Ouled sidi Mhamed , birtouta
","[36.621802, 2.9578395]",9,9,7h10,7h10,,Soumaa,10.648399999999999
60,"Tassala el merdja , 932 logements
","[36.6414651, 2.9473246]",2,2,7h20,7h20,,Soumaa,3.4698
61,"1310 logements, tassala elmerdja
","[36.6377632, 2.9466255]",3,5,7h25,7h25,E2,Soumaa,0.5757000000000001
62,"Ben chaaban 1
","[36.6199565, 2.8727002]",1,1,6h30,6h30,,Mahelma,0.0
63,"Zaatria
","[36.6432616, 2.8678913]",2,2,6h40,6h40,,Mahelma,4.5105
64,Quartier 23,"[36.6419767, 2.8854873]",5,6,6h50,6h50,G1,Mahelma,2.639
65,commissariat sidi bennour,"[36.6558948, 2.8782148]",0,1,6h55,6h55,,Mahelma,2.5171
66,"Mahelma cimetière
","[36.6768974, 2.8817989]",2,2,7h02,7h02,,Mahelma,3.4997
67,"Rond point 11 décembre
","[36.675621, 2.8839088]",1,3,7h03,7h03,,Mahelma,0.2358
68,"Douar mahelma
","[36.6734151, 2.8919172]",2,5,7h10,7h10,P3,Mahelma,0.789
69,"Terrain tenis
","[36.6835852, 2.8787214]",1,1,7h15,7h15,G1,Mahelma,2.0218
70,"Station NAFTAl Belle Vue
","[36.6867134, 2.8753512]",0,1,7h16,7h16,,Mahelma,0.6219
71,"Sidi Abdellah université
","[36.6941678, 2.868239]",1,1,7h18,7h18,,Mahelma,2.2346
72,"Arrêt de bus zeralda
","[36.7136394, 2.8452514]",3,7,7h25,7h25,,Mahelma,3.1145
73,"Geni zeralda
","[36.719287, 2.8497123]",0,1,7h26,7h26,V1,Mahelma,0.9162
74,"La caf moul
","[36.7320464, 2.8619096]",1,1,7h30,7h30,,Mahelma,1.94
75,Entrée belouta,"[36.729465, 2.8761961]",1,1,7h32,7h32,,Mahelma,2.071
76,Belouta ville,"[36.7280488, 2.8889943]",3,3,7h35,7h35,,Mahelma,1.2135
77,Belouta haouch,"[36.7319959, 2.900562]",1,1,7h37,7h37,C1,Mahelma,1.1785
78,"Bouchaoui
","[36.7434513, 2.9146838]",4,7,7h40,7h40,,Mahelma,2.1681999999999997
79,"Mosquée Abi moussa El achaari
","[36.6033322, 2.9967379]",0,1,6h20,6h20,A1,Ouled chebel,0.0
80,"El hajra mhamdia
","[36.6114895, 2.9964549]",0,1,6h21,6h21,,Ouled chebel,0.9125
81,"Poste chaibia
","[36.6239684, 2.9902533]",3,4,6h40,6h40,,Ouled chebel,3.2331999999999996
82,"Sidi Mhamed si lakhder
","[36.6246669, 2.9691544]",1,1,6h45,6h45,,Ouled chebel,2.8824
83,"Opgi birtouta
","[36.6441843, 2.9868808]",1,1,6h50,6h50,,Ouled chebel,4.659
84,"Cem soualmia
","[36.645875, 2.9861204]",2,2,6h50,6h50,,Ouled chebel,0.2358
85,"Terminus Etusa
","[36.6463823, 2.9874917]",2,2,6h50,6h50,,Ouled chebel,0.1288
86,"APC birtouta
","[36.6452974, 2.9917148]",0,1,7h05,7h05,,Ouled chebel,0.5408999999999999
87,"Centre de Formation
","[36.642981, 2.9927522]",1,1,7h05,7h05,,Ouled chebel,0.30010000000000003
88,"Placette birtouta
","[36.6449055, 2.9983127]",3,3,7h10,7h10,,Ouled chebel,0.5405
89,"Agence de voyage addech
","[36.6460356, 3.0002258]",1,1,7h15,7h15,M1,Ouled chebel,0.2397
90,"Pharmacie merad
","[36.66265, 2.9902986]",1,1,7h15,7h15,,Ouled chebel,2.2436
91,"douar Boukhris
","[36.6703065, 2.9836632]",1,1,7h20,7h20,,Ouled chebel,1.5183
92,"Opgi khraicia
","[36.6718033, 2.9816619]",0,1,7h20,7h20,,Ouled chebel,0.3399
93,"Cimetière khraicia
","[36.6724452, 2.9785364]",2,2,7h21,7h21,,Ouled chebel,0.30319999999999997
94,"Arrêt de bus entré khraicia
","[36.6745472, 2.9774029]",0,1,7h21,7h21,,Ouled chebel,0.2969
95,"Rond point khraicia
","[36.677809, 2.9839666]",2,2,7h30,7h30,,Ouled chebel,0.719
96,"Arrêt bus Cherchell
","[36.6082333, 2.1865415]",0,2,5h45,6h30,,Cherchell,0.0
97,"Usine biscuits Cherchell
","[36.5980856, 2.2459269]",1,1,6h00,6h00,,Cherchell,6.2334
98,"Douar boumaaza
","[36.5878938, 2.273603]",1,1,6h05,6h05,,Cherchell,3.5799000000000003
99,"Rond Point nadour
","[36.5671324, 2.3942994]",5,5,6h15,6h15,"C2, G1",Cherchell,12.2399
100,"Rond Point chenwa
","[36.5874297, 2.4273713]",1,1,6h18,6h18,,Cherchell,5.245
101,"Cour de Tipaza
","[36.5924694, 2.4554678]",0,2,6h20,6h20,,Cherchell,2.8925
102,"AADL tipaza
","[36.5886858, 2.4664243]",3,3,6h26,6h26,,Cherchell,1.8316
103,"Jac ma
","[36.5899156, 2.5189205]",1,1,6h32,6h32,,Cherchell,5.446
104,"Restaurant alama
","[36.592383, 2.5616739]",1,1,6h35,6h35,,Cherchell,3.8617
105,"Mosquée El fath
","[36.6025392, 2.6086407]",1,1,6h41,6h41,,Cherchell,4.3729
106,"Poste ain tagourait
","[36.603755, 2.6116441]",1,1,6h45,6h45,,Cherchell,0.302
107,"Bouharoun
","[36.6212393, 2.6517814]",2,2,6h50,6h50,,Cherchell,4.1025
108,"La fermette
","[36.6273536, 2.663341]",2,2,6h55,6h55,,Cherchell,1.2432999999999998
109,"Rond Point khemisti
","[36.633009, 2.6738281]",2,2,6h58,6h58,,Cherchell,1.1347
110,"Supérette aouane
","[36.6378714, 2.6819401]",3,3,7h00,7h00,,Cherchell,0.9046000000000001
111,"Piscine bousmail
","[36.6401692, 2.6857401]",2,2,7h03,7h03,,Cherchell,0.4248
112,"Feu rouge
","[36.64295, 2.6903924]",2,2,7h05,7h05,,Cherchell,0.5177
113,"Agence bus bousmail
","[36.6464321, 2.6961153]",8,8,7h07,7h07,,Cherchell,0.6409
114,"Énergie solaire
","[36.6610909, 2.7205592]",1,1,7h09,7h09,,Cherchell,2.727
115,Fouka marine,"[36.6699612, 2.740126]",3,5,7h13,7h13,,Cherchell,2.0142
116,"Salle des fêtes Djebel El medda
","[36.680104, 2.7688316]",2,2,7h16,7h16,,Cherchell,2.8019000000000003
117,"Oued smar
","[36.7095919, 3.1656329]",3,3,6h50,6h50,S1,Oued smar,0.0
118,Ecole mousssaoui,"[36.7095432, 3.1626537]",1,1,6h52,6h52,G1,Oued smar,0.2915
119,Lycée birouni,"[36.7101611, 3.1583018]",1,1,6h55,6h55,,Oued smar,1.0797
120,"Arrêt pharmacie
","[36.7144336, 3.1519698]",0,1,6h56,6h56,,Oued smar,0.7927000000000001
121,"Belfort
","[36.7210876, 3.1465091]",1,1,7h00,7h00,,Oued smar,1.1703
122,"Rue des cordonniers
","[36.7191242, 3.1383542]",1,1,7h05,7h05,,Oued smar,1.0248
123,Boucherie,"[36.716793, 3.1368629]",1,1,7h06,7h06,,Oued smar,0.3013
124,"Dépôt
","[36.7105192, 3.1317127]",0,2,7h07,7h07,S2,Oued smar,0.8975
125,"commissariat
","[36.7065478, 3.1278108]",2,2,7h08,7h08,,Oued smar,0.5622999999999999
126,"Hôpital zemirli
","[36.7043176, 3.1255332]",2,2,7h10,7h10,,Oued smar,0.321
127,"Ouled maamar
","[36.7723839, 3.2937885]",1,2,6h15,6h15,N1,Hraoua,0.0
128,"Station naftal ain kahla
","[36.7704164, 3.3151725]",2,2,6h25,6h25,G2,Hraoua,3.0705999999999998
129,"Ain kahla
","[36.7652857, 3.3282764]",0,1,6h30,6h30,,Hraoua,1.308
130,"Rond Point ain kahla
","[36.7589439, 3.3339536]",1,1,6h35,6h35,,Hraoua,2.1374
131,"Intersection DNC
","[36.7506855, 3.3423556]",2,2,,,G2,Hraoua,1.2366
132,DNC 1,"[36.7478315, 3.3424623]",1,1,,,G1,Hraoua,0.3175
133,DNC 2,"[36.7461959, 3.3425689]",3,3,,,,Hraoua,0.18519999999999998
134,"Gare reghaia
","[36.7358251, 3.342584]",1,1,,,G1,Hraoua,1.174
135,"Agence reghaia
","[36.7339953, 3.3439264]",1,1,,,G1,Hraoua,0.3485
136,"Kerouch  1
","[36.7342044, 3.3680411]",1,1,,,,Hraoua,2.3645
137,Kerouch  2,"[36.7326064, 3.3728678]",2,4,,,,Hraoua,0.4704
138,"AADL 1104
","[36.6883261, 2.9651566]",1,1,6h45,6h45,,Baba hassen,0.0
139,"Stade AADL
","[36.6875698, 2.9678465]",1,1,6h46,6h46,,Baba hassen,0.3693
140,"Mosquée El khayma
","[36.6884944, 2.9704449]",3,4,6h50,6h50,S1,Baba hassen,0.3028
141,Baba hassen villa,"[36.6920967, 2.9725933]",2,2,6h55,6h55,,Baba hassen,0.5192
142,Polyclinique,"[36.69298077154031, 2.982275653811517]",1,1,6h56,6h56,G1,Baba hassen,2.0134000000000003
143,Fleuriste,"[36.6959201, 2.974025]",1,1,6h57,6h57,G1,Baba hassen,1.4290999999999998
144,"Lycée belkadi
","[36.6987261, 2.9775256]",1,2,7h00,7h00,,Baba hassen,0.6622
145,"Rond point kartala
","[36.6967435, 2.9798299]",1,1,7h01,7h01,,Baba hassen,0.31539999999999996
146,"Cité 3 Ouled Fayet
","[36.7291019, 2.9543825]",2,3,7h10,7h10,M2,Baba hassen,6.477399999999999
147,"Rue Bouderbala
","[36.7346432, 2.9528406]",1,1,7h20,7h20,,Baba hassen,1.1944000000000001
148,"Quatre chemins
","[36.7371468, 2.9498053]",2,2,7h21,7h21,M2,Baba hassen,0.4592
149,"Supérette Belkacemi
","[36.7403189, 2.95038]",3,3,7h25,7h25,G1,Baba hassen,0.3852
150,"Rond Point Ooredoo
","[36.7444996, 2.9500443]",3,3,7h26,7h26,B1,Baba hassen,0.736
151,Bessa,"[36.7452148, 2.9444975]",2,2,7h30,7h30,,Baba hassen,0.6402
152,"Mojam3 khalifa
","[36.7533829, 2.9440758]",1,1,7h35,7h35,,Baba hassen,1.9994
153,Cité hayat grossiste,"[36.7046687, 3.0894173]",1,1,6h45,6h45,,Ain naadja,0.0
154,"Arrêt de bus cité hayat
","[36.7047625, 3.0944615]",1,1,6h50,6h50,C1,Ain naadja,0.6337
155,Semar,"[36.6955461, 3.0916311]",1,1,6h55,6h55,C1,Ain naadja,1.4031
156,ain naadja escaliers,"[36.694191, 3.0781493]",1,1,7h00,7h00,,Ain naadja,2.0708
157,"Mosquée El Rahman
","[36.6958916, 3.0769313]",3,3,7h02,7h02,G3,Ain naadja,0.2196
158,Chateau,"[36.7031446, 3.0711592]",2,3,7h05,7h05,S3,Ain naadja,1.0966
159,"Sorecal ain naadja
","[36.7059562, 3.0643799]",4,4,7h10,7h10,C1,Ain naadja,0.7945
160,"Zonka banque
","[36.7114274, 3.0620236]",0,1,7h12,7h12,V1,Ain naadja,0.6616000000000001
161,Sidi mbarek,"[36.7148864, 3.0545959]",1,1,7h13,7h13,,Ain naadja,0.8522000000000001
162,"Birkhadem
","[36.7160238, 3.0498812]",4,5,7h15,7h15,G2,Ain naadja,0.4496
163,"Les vergers ( colital )
","[36.7236208, 3.0500582]",2,2,7h20,7h20,S1,Ain naadja,0.9133
164,"La côte
","[36.7325113, 3.0495409]",1,1,7h30,7h30,,Ain naadja,1.5217
165,La wilaya,"[36.7778772, 3.0604582]",0,1,7h05,7h05,V1,Mauritania,0.0
166,"Hôtel la famille
","[36.7896041, 3.059969]",4,4,7h10,7h10,,Mauritania,1.5493
167,"Okba
","[36.7891007, 3.0573404]",0,1,7h13,7h13,V1,Mauritania,0.402
168,"Serkaji
","[36.7857822, 3.0556295]",3,3,7h17,7h17,G3,Mauritania,1.2472999999999999
169,"Les barreaux rouge
","[36.7845881, 3.0447692]",2,3,7h21,7h21,S1,Mauritania,2.8792
170,climat de france,"[36.7854334, 3.0457395]",2,2,7h23,7h23,G1,Mauritania,0.5528
171,Triolet,"[36.7880782, 3.0445801]",7,7,7h25,7h25,G2,Mauritania,0.5374
172,Carnot,"[36.7728864, 3.0221857]",2,2,7h30,7h30,G2,Mauritania,3.1681999999999997
173,chevally,"[36.7699155, 3.0119578]",5,5,7h33,7h33,G1,Mauritania,0.9983
174,"AADL Douera
","[36.6773871, 2.9609455]",4,4,7h00,7h00,,Douera,0.0
175,"Stop Douera
","[36.6709366, 2.9620794]",1,1,7h05,7h05,,Douera,0.7287
176,"Arrêt bus
","[36.6700198, 2.9549555]",2,2,7h10,7h10,G1,Douera,0.6554
177,Stade communal,"[36.6685814, 2.947979]",2,2,7h,7h,G1,Douera,0.6523
178,Café djabou,"[36.6782279, 2.9414539]",1,1,7h,7h,,Douera,1.5908
179,Rond Point AADL,"[36.6863204, 2.9434418]",9,9,7h,7h,,Douera,1.3651
180,Aadl baba Hassen,"[36.6819525, 2.9441495]",1,1,7h,7h,,Douera,1.1257000000000001
181,AADL baba Hassen 2,"[36.6825599, 2.9467191]",2,2,7h,7h, ,Douera,0.24830000000000002
182,Sortie autoroute,"[36.6867933, 2.9507699]",2,2,7h,7h,,Douera,0.6715
183,Issou,"[36.6859079, 2.9607916]",3,3,,,,Douera,2.0024
184,Clinique médical,"[36.6925871, 2.9653873]",2,3,,,,Douera,1.0460999999999998
185,arrêt taxi,"[36.6977234, 2.9664786]",3,3,,,,Douera,0.823
186,Résidence les lilas ,"[36.7127925, 2.96189]",1,1,,,,Douera,1.9203
187,AADL 1200 tonic,"[36.6420693, 2.7218769]",2,2,,,,Fouka,0.0
188,Chaik 2,"[36.6425898, 2.7323016]",5,5,,,,Fouka,1.3509
189,Chaiba,"[36.6252392, 2.7211108]",6,6,,,,Fouka,4.3388
190,Rond point bou Ismaël,"[36.6394485, 2.6963831]",1,1,,,,Fouka,2.9308
191,Placette bou Ismaël,"[36.6608913, 2.7419985]",5,5,,,,Fouka,5.0984
192,Benhani,"[36.6572329, 2.7447166]",3,3,,,,Fouka,0.7426
193,Salle de sport sortie fouka,"[36.6518513, 2.7525583]",2,2,,,,Fouka,0.921
194,Kerkouba,"[36.6456837, 2.7593014]",5,5,,,,Fouka,0.9846
195,Olympique,"[36.6422552, 2.7528939]",1,1,,,,Fouka,0.9067000000000001
196,"Station NAFTAL kolea","[36.6384859, 2.7562474]",1,1,,,,Fouka,1.3025
197,Cnas,"[36.6380124, 2.7661414]",2,2,,,,Fouka,0.9037999999999999
198,Cimetière kolea,"[36.6431744, 2.77482]",8,8,,,,Fouka,0.9972000000000001
199,Saint Maurice,"[36.6649093, 2.7842634]",3,3,,,,Fouka,2.6565
200,Arrêt de bus douaouda,"[36.6734625, 2.7877707]",2,2,,,,Fouka,1.0022
201,Sortie douaouda,"[36.6787673, 2.7982182]",2,2,,,,Fouka,1.4806
202,Naftal zeralda ,"[36.7016503, 2.8360733]",6,6,,,,Fouka,5.608
203,Aissani,"[36.8022066, 2.9198283]",7,7,,,M1,Ain beniane 1,0.0
204,Rond Point la Madrague,"[36.8013032, 2.9089314]",3,3,,,,Ain beniane 1,1.0357
205,École police,"[36.7966238, 2.9052173]",6,7,,,G1,Ain beniane 1,0.641
206,Zigadi,"[36.7893719, 2.9028603]",7,7,,,,Ain beniane 1,0.8402000000000001
207,Plateau,"[36.7848066, 2.9491143]",1,1,6h50,6h50,,Ain beniane 2,0.0
208,Grand rocher,"[36.8028093, 2.9406338]",2,3,7h00,7h00,,Ain beniane 2,3.8331999999999997
209,Anade,"[36.7987045, 2.9289384]",3,3,7h05,7h05,,Ain beniane 2,1.2905
210,Sonelgaz,"[36.7943471, 2.9342911]",1,1,,,,Ain beniane 2,0.7407999999999999
211,Pharmacie dey,"[36.7914613, 2.9392116]",0,1,,,,Ain beniane 2,0.6464
212,Hai chenawa,"[36.7883019, 2.9148906]",3,5,,,,Ain beniane 2,2.1948000000000003
213,Stade belle vue,"[36.7887699, 2.9128344]",2,2,,,,Ain beniane 2,0.2065
214,Maison de jeunes,"[36.7905895, 2.9111926]",1,1,,,,Ain beniane 2,0.3143
215,Association bir w ihssen,"[36.7943353, 2.9125712]",2,2,,,,Ain beniane 2,0.4634
216,Bâtiments ain benian,"[36.7972601, 2.9127412]",3,3,,,,Ain beniane 2,0.3513
217,"SARL djaouad","[36.7989144, 2.912586]",2,2,,,,Ain beniane 2,0.18480000000000002
218,Entrée cheraga,"[36.7708781, 2.9185673]",2,4,,, ,Ain beniane 2,5.298100000000001
219,Sidi serhan,"[36.5043507, 2.9989471]",1,1,,,,Bouinane,0.0
220,Boulangerie serine,"[36.5312584, 2.9614887]",2,2,,,G1,Bouinane,6.3152
221,AADL 2000,"[36.532533, 2.9612486]",1,1,,,,Bouinane,0.1779
222,AADL 3000,"[36.5389002, 2.9598492]",1,1,,,G1,Bouinane,2.332
223,Haouch lgereoun,"[36.5399355, 2.9670325]",1,1,,,,Bouinane,1.1755
224,Hai wouroud,"[36.5399435, 2.9680923]",2,2,,,G1,Bouinane,0.0947
225,3100 arrêt 1,"[36.5386282, 2.9810949]",1,1,,,,Bouinane,1.572
226,Cem chetouan,"[36.5352862, 2.9823449]",4,4,,,G1,Bouinane,0.5257999999999999
227,Cem 2,"[36.5350728, 2.9812287]",2,2,,,,Bouinane,0.1291
228,Arrêt prochain,"[36.5342056, 2.9822899]",3,3,,,G1,Bouinane,0.1885
229,Déviation,"[36.5342636, 2.9870199]",6,6,,,G2,Bouinane,0.4305
230,4500,"[36.5387839, 2.9929835]",4,4,,,,Bouinane,1.504
231,Tabainat,"[36.53461, 3.0411999]",3,3,,,G2,Bouinane,4.993600000000001
232,AADL Aslan,"[36.6803586, 2.8421662]",5,5,7h00,7h00,,Sidi abdellah,0.0
233,Aslan rond Point 2,"[36.6783809, 2.8421015]",6,6,7h01,7h01,C1,Sidi abdellah,0.2496
234,Cem sidi Abdellah,"[36.6718237, 2.8431476]",1,1,,,,Sidi abdellah,0.7429
235,AADL 5000,"[36.6745744, 2.8480758]",4,4,,,G1,Sidi abdellah,1.0471
236,"5000 arrêt 2","[36.676632, 2.8498719]",1,1,,,,Sidi abdellah,1.7394
237,"Bâtiment N8","[36.6813744, 2.8509558]",2,2,,,,Sidi abdellah,0.6332000000000001
238,Bâtiment R1,"[36.6809972, 2.8554284]",3,3,,,,Sidi abdellah,0.5038
239,Boucherie lina,"[36.6860044, 2.854209]",2,3,,,,Sidi abdellah,1.4662
240,Boulevard Hocine ait ahmed,"[36.6873662, 2.8570981]",1,1,,,,Sidi abdellah,0.2989
241,Air de sport,"[36.6901739, 2.8601893]",2,2,,,G1,Sidi abdellah,0.7017
242,"New Town","[36.6901736, 2.8556762]",1,1,,,,Sidi abdellah,0.7182000000000001
243,"CAAR sidi Abdellah","[36.6902949, 2.8541725]",1,1,,,,Sidi abdellah,0.1492
244,"Poste sidi Abdellah","[36.6909272, 2.8503416]",6,6,,,"G1, C1, P1",Sidi abdellah,0.35760000000000003
245,Hôpital des grands brûlés zeralda,"[36.6990339, 2.8441142]",1,1,,,,Sidi abdellah,1.2953
246,Cité police sidi menif,"[36.6939256, 2.8253458]",2,3,7h00,7h00,"S1, G1",Zeralda,0.0
247,Sidi menif,"[36.6972701, 2.8240784]",1,1,7h02,7h02,G1,Zeralda,0.4677
248,Gare routière zeralda,"[36.7128185, 2.833789]",1,3,7h10,7h10,"S1, G1",Zeralda,2.2617
249,Beridja,"[36.7429712, 2.8702443]",1,3,7h17,7h17,S2,Zeralda,5.392600000000001
250,Hôtel riad,"[36.7573598, 2.8518799]",1,1,7h20,7h20,,Zeralda,2.3275
251,Centre de  vacances netcom,"[36.7561903, 2.8589106]",1,1,7h22,7h22,,Zeralda,0.6424
252,Hai Khaled ibn walid,"[36.7506361, 2.8720994]",1,1,7h25,7h25,,Zeralda,1.3699000000000001
253,Staoueli centre,"[36.748613, 2.8852667]",4,5,7h30,7h30,"M1, S1",Zeralda,1.5294
254,Parc communal,"[36.7554013, 2.8888813]",0,1,7h32,7h32,V1,Zeralda,0.8332
255,Club des pins,"[36.7649186, 2.8958952]",1,1,7h35,7h35,,Zeralda,1.2478
256,AADL 3000 logement,"[36.6315561, 3.3427134]",2,2,6h25,6h25,,Khmiss el khechna ,0.0
257,Rond point pompiers,"[36.6607315, 3.3308966]",0,1,6h38,6h38,,Khmiss el khechna ,4.5747
258,El djoumhouria,"[36.6753921, 3.1938816]",1,1,6h55,6h55,,Khmiss el khechna ,18.7781
259,Remadnia,"[36.6670436, 3.1790517]",1,1,7h02,7h02,G1,Khmiss el khechna ,2.234
260,Hai El amir ,"[36.6745112, 3.1701665]",1,1,7h05,7h05,,Khmiss el khechna ,1.2012
261,Ouled El hadj,"[36.6603604, 3.1548173]",3,4,7h13,7h13,"S1, C2",Khmiss el khechna ,5.718100000000001
262,Foyer,"[36.6639608, 3.1479817]",3,3,7h17,7h17,,Khmiss el khechna ,0.9183
263,AADL lotissement,"[36.6659278, 3.1446658]",3,3,7h20,7h20,C1,Khmiss el khechna ,0.6267999999999999
264,Rond Point eucalyptus,"[36.6526068, 3.1473131]",0,1,7h30,7h30,V1,Khmiss el khechna ,1.5212
265,Baba Ali autoroute,"[36.6489295, 3.0475202]",1,2,7h40,7h40,C1,Khmiss el khechna ,9.6102
266,Crèche la fonton,"[36.7865576, 3.0240143]",1,1,07h10,07h10,,Bouzereah 1,0.0
267,Dar El alia,"[36.7900845, 3.0189476]",1,1,07h15,07h15,,Bouzereah 1,1.2183
268,Cimetière sidi Mhamed,"[36.7927694, 3.0117734]",2,2,07h20,07h20,G2,Bouzereah 1,0.7417999999999999
269,Cfpa,"[36.7970268, 3.0083217]",1,1,07h21,07h21,,Bouzereah 1,0.6102000000000001
270,Bouhamem,"[36.7968458, 3.0039145]",2,2,07h25,07h25,,Bouzereah 1,0.4589
271,Bousmaha,"[36.7963934, 2.9940554]",3,3,07h27,07h27,,Bouzereah 1,0.9026000000000001
272,Sidi Youssef,"[36.796823, 2.9891677]",1,1,07h28,07h28,,Bouzereah 1,0.478
273,Mosquée tawba,"[36.7963432, 2.9867417]",1,1,,,S1,Bouzereah 1,0.2225
274,Lavage,"[36.7936393, 2.9796764]",1,1,,,,Bouzereah 1,0.7333
275,Logts el amel,"[36.7931966, 2.9784359]",1,1,07h30,07h30,,Bouzereah 1,0.1202
276,Sidi Youssef 2,"[36.7838244, 2.9646543]",5,5,07h32,07h32,,Bouzereah 1,1.862
277,Beni messous entré,"[36.7893039, 2.9699658]",1,1,,,G1,Bouzereah 1,0.8989
278,Mosquée rahma (inv),"[36.7847285, 2.9665191]",1,1,,,,Bouzereah 1,0.6242000000000001
279,Beni messous,"[36.7831896, 2.9702685]",1,1,07h35,07h35,,Bouzereah 1,1.4399000000000002
280,Geureoumi El barage,"[36.7802597, 2.9720549]",1,1,07h40,07h40,,Bouzereah 1,0.8526
281,Celeste,"[36.795399, 3.0371997]",1,3,7h10,7h10,S1,Bouzereah 2,0.0
282,Chemin sidi bennour,"[36.7955885, 3.0357825]",1,1,7h11,7h11,G1,Bouzereah 2,0.179
283,Chemin sidi bennour 2,"[36.7953982, 3.0345101]",4,4,7h14,7h14,,Bouzereah 2,0.1402
284,Bouzareah,"[36.7899701, 3.0166862]",3,3,7h16,7h16,P1,Bouzereah 2,1.8665
285,Société générale,"[36.7848437, 3.013143]",0,1,7h18,7h18,S1,Bouzereah 2,0.669
286,Air de France,"[36.7798305, 3.0102797]",7,7,7h20,7h20,G3,Bouzereah 2,0.6217
287,Rue Djamel Eddine El afghani,"[36.7794342, 3.0038971]",2,3,7h30,7h30,M1,Bouzereah 2,0.5977
288,Thenia,"[36.721312, 3.5705516]",1,1,06h05,06h05,,Boumerdes,0.0
289,Daïra de Boumerdes,"[36.7565336, 3.4774075]",6,6,06h20,06h20,G3,Boumerdes,12.3495
290,Yssref,"[36.7575723, 3.4564726]",1,2,06h25,06h25,S1,Boumerdes,2.5614
291,Corso naftal,"[36.7552109, 3.4472511]",1,1,06h27,06h27,,Boumerdes,1.0524
292,Rond point berrahmoun,"[36.7442626, 3.4369337]",2,2,7h30,7h30,,Boumerdes,1.8911
293,Entrée boudouaou,"[36.7219745, 3.4193277]",1,1,7h35,7h35,G1,Boumerdes,5.5063
294,Benadjel,"[36.7201898, 3.3982438]",5,5,7h37,7h37,G2,Boumerdes,1.9642
295,Ouled hedadj,"[36.7234971, 3.3488835]",3,3,7h40,7h40,,Boumerdes,4.6895
296,Aissat,"[36.7203913, 3.3362107]",1,1,7h43,7h43,,Boumerdes,1.1835
297,Rond Point hammadi,"[36.671579, 3.2885338]",4,4,7h55,7h55,G1,Boumerdes,10.957799999999999
298,Didouche mourad,"[36.7660869, 3.0518469]",6,6,,,E1,Alger centre,0.0
299,Bibliothèque Nationale,"[36.7640674, 3.0441684]",1,1,,,,Alger centre,1.9098
300,Ouagnouni,"[36.7750303, 3.0538988]",3,3,,,,Alger centre,1.8543
301,Scala,"[36.774395, 3.042318]",1,1,,,,Alger centre,2.0047
302,Place Kennedy,"[36.768516, 3.0304352]",3,3,,,,Alger centre,1.7874
303,Fougeroux,"[36.7701457, 3.0045066]",2,2,,,,Alger centre,2.7952
304,Route Dely Brahim,"[36.7691716, 2.9873757]",3,3,,,,Alger centre,2.9323
305,"Batoire
","[36.7019473, 3.0284443]",1,1,6h50,6h50,,Shaoula,0.0
306,"Rond point gendarmerie
","[36.702847, 3.0277258]",2,2,6h52,6h52,M1,Shaoula,0.142
307,"Centre de Formation
","[36.7007043, 3.016998]",1,1,6h54,6h54,C1,Shaoula,1.1461
308,"Boujemaa temim
","[36.7004747, 3.0116185]",4,4,6h56,6h56,,Shaoula,1.5202
309,"Mosquée Al anssar
","[36.7105772, 3.003078]",2,2,7h00,7h00,,Shaoula,1.4065
310,"Stade draria
","[36.7168387, 2.9997514]",2,2,7h02,7h02,,Shaoula,0.9261
311,"Pharmacie boudia
","[36.714658, 2.9976059]",1,1,7h05,7h05,,Shaoula,0.44410000000000005
312,location number one,"[36.707716, 2.9964875]",5,5,7h07,7h07,,Shaoula,0.9937999999999999
313,saraza,"[36.7093723, 2.9935836]",1,1,7h13,7h13,S1,Shaoula,0.3245
314,chemin des cretes,"[36.7112707, 2.9914208]",3,3,7h15,7h15,,Shaoula,0.2888
315,superette 1 2 3,"[36.7195631, 2.9937711]",1,1,7h17,7h17,,Shaoula,0.9999
316,Draria,"[36.7226058, 2.9922026]",1,1,7h18,7h18,,Shaoula,0.8482999999999999
317,Oued terfa,"[36.7245871, 2.9903543]",2,2,7h20,7h20,,Shaoula,0.2762
318,"La Pérouse
","[36.8048954, 3.2366156]",9,9,6h15,6h15,G2,Tamenfoust,0.0
319,"Bordj El bahri
","[36.7906711, 3.2499146]",1,1,6h22,6h22,,Tamenfoust,2.8245999999999998
320,"AADL faizi 1
","[36.7846009, 3.2523665]",1,1,6h27,6h27,G1,Tamenfoust,1.3679000000000001
321,"Aadl faizi 2
","[36.7843587, 3.2544767]",1,1,6h28,6h28,,Tamenfoust,0.1901
322,"Cité diplomatique
","[36.7754605, 3.2653783]",1,1,6h35,6h35,,Tamenfoust,2.6007
323,"Dergana
","[36.7672177, 3.2632888]",1,1,6h40,6h40,,Tamenfoust,1.1267
324,"Dergana 2
","[36.7643059, 3.2611028]",1,1,6h42,6h42,,Tamenfoust,0.5239
325,"Rond point souachette
","[36.752494, 3.2507344]",2,2,6h45,6h45,G1,Tamenfoust,2.1234
326,Stade 20 août,"[36.7443513, 3.0777121]",1,1,7h00,7h00,,Ruisseau,0.0
327,Café boutawi,"[36.7432033, 3.0803682]",2,2,7h01,7h01,G2,Ruisseau,0.2696
328,CNAS ruisseau,"[36.746943, 3.0871321]",1,1,7h05,7h05,C1,Ruisseau,0.9137000000000001
329,Jardin d'essai,"[36.7503207, 3.0776303]",1,1,7h07,7h07,,Ruisseau,0.9457000000000001
330,Sofitel,"[36.7517974, 3.0731742]",0,1,,,,Ruisseau,0.43139999999999995
331,Cnep,"[36.7551188, 3.0663952]",2,3,,,,Ruisseau,0.7541
332,Mustapha bacha,"[36.7616659, 3.0562813]",4,5,,,"G2, C1",Ruisseau,1.2782
333,CNR,"[36.7583816, 3.042994]",1,1,,,,Ruisseau,1.7403
334,Bir Mourad Rais,"[36.739173, 3.0499057]",2,2,,,,Ruisseau,2.5191999999999997
335,Sonatrach,"[36.7413304, 3.0448061]",1,1,,,,Ruisseau,0.8202
336,Place Perrine,"[36.7433621, 3.0423965]",1,2,,,,Ruisseau,0.42169999999999996
337,Place qods,"[36.7473294, 3.0403661]",2,2,,,C1,Ruisseau,0.48960000000000004
338,Parado,"[36.747976, 3.0321028]",1,2,,,,Ruisseau,1.0888
339,Rond Point parado 2,"[36.7449201, 3.0285328]",0,1,,,,Ruisseau,0.48760000000000003
340,Maqaria,"[36.7333185, 3.1095225]",3,3,7h00,7h00,G2,H-dey,0.0
341,Parnet,"[36.7344897, 3.106972]",0,1,7h05,7h05,S1,H-dey,0.26689999999999997
342,Pharmacie benamadi,"[36.7345005, 3.1062445]",2,2,7h10,7h10,G1,H-dey,0.06470000000000001
343,H-dey 1,"[36.7362873, 3.1037141]",2,2,7h12,7h12,,H-dey,0.3102
344,Brigade gendarmerie,"[36.7415832, 3.0971451]",1,2,7h13,7h13,,H-dey,1.0527
345,Lycée aicha,"[36.741375, 3.0942915]",1,1,7h15,7h15,,H-dey,0.3465
346,Les annaceur,"[36.7360111, 3.0759234]",1,1,7h20,7h20,,H-dey,2.9844
347,Rond point garidi,"[36.7332357, 3.0618147]",2,5,7h30,7h30,S2,H-dey,1.4349
348,Cevital,"[36.7326239, 3.0573602]",1,1,7h31,7h31,,H-dey,0.4027
349,El magharia,"[36.7320859, 3.1213238]",1,1,6h50,6h50,,Bachdjerah,0.0
350,Diar jemaa,"[36.7231983, 3.1263848]",3,3,7h06,7h06,,Bachdjerah,2.3632
351,Bourouba,"[36.723316, 3.1254601]",2,2,7h07,7h07,,Bachdjerah,0.1192
352,Metro bachjarah,"[36.721659, 3.11808]",3,3,7h08,7h08,G1,Bachdjerah,0.6871
353,Etusa Bachjarah,"[36.7212903, 3.1155467]",6,6,7h10,7h10,G1,Bachdjerah,0.2291
354,Mosquée Abi oubeida,"[36.7199949, 3.113869]",1,1,7h11,7h11,,Bachdjerah,0.2071
355,LPP bachjarah,"[36.7140078, 3.1018969]",1,1,7h12,7h12,,Bachdjerah,1.3244
356,Fleuriste,"[36.7116206, 3.0937833]",2,2,7h15,7h15,,Bachdjerah,1.0351
357,Stade ain naadja,"[36.7097158, 3.0869567]",2,2,7h18,7h18,,Bachdjerah,0.6777000000000001
358,Golden training,"[36.7089462, 3.0853135]",5,5,7h19,7h19,B1,Bachdjerah,0.1701
359,Station ain naadja,"[36.7085855, 3.0820288]",1,1,7h20,7h20,G1,Bachdjerah,0.38489999999999996
360,AADL ain naadja,"[36.7122052, 3.0858892]",2,2,7h22,7h22,,Bachdjerah,0.5376000000000001
361,Hôpital ain naadja,"[36.7229011, 3.0646568]",1,1,7h27,7h27,G1,Bachdjerah,3.4128000000000003
362,Dar beida auto route,"[36.7137958, 3.2273653]",1,1,,,G1,El hamiz,0.0
363,Pont dar El beida,"[36.7177931, 3.2251615]",1,1,,,,El hamiz,6.2347
364,Sntp,"[36.7281673, 3.2167002]",1,1,,,,El hamiz,1.759
365,Mosalaha,"[36.7210441, 3.2005476]",3,3,,,,El hamiz,2.7869
366,Fatma nsoumer,"[36.7205854, 3.2147113]",2,2,7h50,7h50,,El hamiz,2.3805
367,Poste dar beida,"[36.722176, 3.2105643]",1,1,,,,El hamiz,0.7535
368,Quatre chemins,"[36.7213322, 3.205333]",1,2,,,,El hamiz,0.4756
369,Société générale usthb,"[36.7147166, 3.1891492]",1,1,,,,El hamiz,5.455100000000001
370,Usthb jorf,"[36.7190258, 3.1810043]",3,3,,,,El hamiz,0.907
371,Mayo,"[36.7931292, 3.0498322]",1,1,6h55,6h55,G1,Bab el oued,0.0
372,Stade bouloughine,"[36.8017051, 3.0485361]",1,1,,,,Bab el oued,1.6089
373,Hôtel bouloughine,"[36.8023277, 3.0480663]",1,1,,,,Bab el oued,0.08109999999999999
374,La vigie,"[36.8120927, 3.022182]",2,2,,,,Bab el oued,2.8289
375,Usine ciment,"[36.816426, 3.0168823]",1,1,,,C1,Bab el oued,0.7303
376,Rond Point la pointe,"[36.8172082, 3.009406]",4,4,,,,Bab el oued,0.6876
377,Les horizons,"[36.8157727, 3.0010211]",2,2,,,,Bab el oued,0.7739
378,Birouma,"[36.8125037, 2.9871634]",1,1,7h20,7h20,,Bab el oued,1.3353
379,Tribunal bainem,"[36.8138796, 2.9763588]",2,2,7h25,7h25,,Bab el oued,1.0002
380,Elhammamet,"[36.8138423, 2.9695075]",4,4,7h30,7h30,,Bab el oued,0.6167
381,Cinclo,"[36.8076244, 2.9460559]",2,2,,,,Bab el oued,2.2538
382,Cimetière,"[36.8066317, 2.9371456]",1,1,7h40,7h40,,Bab el oued,0.8198
383,Piscine ain El malha,"[36.6939557, 3.0727031]",2,2,6h45,6h45,,Ain malha,0.0
384,Pharmacie,"[36.6926849, 3.0682208]",1,1,,,,Ain malha,0.6267
385,Passerelle birkhadem,"[36.7144091, 3.0449017]",1,1,,,,Ain malha,3.7786999999999997
386,Cimetière,"[36.7132988, 3.0420807]",1,1,7h00,7h00,,Ain malha,1.595
387,Arrêt 2,"[36.713728, 3.040984]",1,1,,,,Ain malha,0.1088
388,Hôpital Teixrain,"[36.7230527, 3.0206907]",1,1,7h10,7h10,,Ain malha,2.3706
389,Sebala,"[36.7218127, 3.0155566]",1,1,,,,Ain malha,1.4181
390,Mosquée islah,"[36.7223096, 3.0151292]",2,2,7h15,7h15,,Ain malha,0.0767
391,Commecariat draria,"[36.7140428, 3.0005497]",2,2,,,,Ain malha,2.8733
392,Quartier 18,"[36.6774629, 2.9178558]",3,3,6h50,6h50,,Souidania,0.0
393,Rahmania,"[36.6849537, 2.9073838]",2,2,6h55,6h55,,Souidania,1.2975999999999999
394,Souidania 1,"[36.7031389, 2.9082042]",2,2,7h05,7h05,,Souidania,3.6955999999999998
395,Souidania 2,"[36.708481, 2.9121528]",4,4,7h08,7h08,,Souidania,0.7592000000000001
396,Souidania Lpp,"[36.7048525, 2.9184929]",2,2,7h10,7h10,,Souidania,0.7253999999999999
397,AADL Ouled Fayet,"[36.7048781, 2.9405007]",1,1,7h15,7h15,,Souidania,2.5271
398,Cité verte,"[36.7139764, 2.950326]",2,2,7h20,7h20,,Souidania,1.5019
399,Arrêt bus cité verte,"[36.7161956, 2.9525023]",1,1,7h21,7h21,,Souidania,0.31510000000000005
400,Pharmacie du pont,"[36.7207082, 2.9546339]",2,2,7h25,7h25,,Souidania,0.5414
401,Cité semrouni,"[36.7356207, 2.9425466]",2,2,7h27,7h27,,Souidania,2.4586
402,Rond Point opéra,"[36.7340343, 2.933987]",3,3,7h30,7h30,,Souidania,0.8034
403,Alger plage,"[36.7803037, 3.2369046]",1,1,6h20,6h20,,Alger plage,0.0
404,Doum ,"[36.7711136, 3.2428319]",2,2,6h30,6h30,G1,Alger plage,2.381
405,Sidi driss,"[36.7660152, 3.2380311]",1,1,6h31,6h31,,Alger plage,0.7222999999999999
406,Artisanat 1,"[36.7633245, 3.2346519]",1,1,6h35,6h35,G1,Alger plage,0.42469999999999997
407,Ben Merad,"[36.7563356, 3.2255267]",1,1,6h40,6h40,,Alger plage,1.1257000000000001
408,Sorecal,"[36.7373679, 3.1928151]",1,1,6h48,6h48,,Alger plage,4.302899999999999
409,Marché sorecal,"[36.7351634, 3.1896833]",2,2,6h40,6h40,G1,Alger plage,0.37489999999999996
410,huit mai,"[36.736646, 3.1852395]",1,1,6h55,6h55,,Alger plage,0.5087
411,Les bananiers,"[36.731667, 3.1742123]",5,5,7h02,7h02,G1,Alger plage,1.6387
